apn,address,zoning,zoning_full,area_sqft,width_ft,length_ft
4230-023-035,,MU-1,Mixed Use 1,2500,25.0,100.1
4230-023-022,12964 W WASHINGTON BLVD,MU-1,Mixed Use 1,2501,25.0,100.1
4233-026-013,11415 W WASHINGTON BLVD,MU-1,Mixed Use 1,2498,25.0,100.0
4204-006-168,,MU-I,Mixed Use Industrial,2632,26.2,104.7
4230-023-005,12828 W WASHINGTON BLVD,MU-1,Mixed Use 1,2500,25.0,100.0
4230-023-002,12804 W WASHINGTON BLVD,MU-1,Mixed Use 1,2500,25.0,100.0
4230-016-002,13114 W WASHINGTON BLVD,MU-1,Mixed Use 1,2538,24.2,111.4
4216-026-008,,MU-I,Mixed Use Industrial,2552,26.0,100.2
4230-016-004,,MU-1,Mixed Use 1,2537,24.2,111.4
4205-017-012,8564 WASHINGTON BLVD,MU-1,Mixed Use 1,2253,25.1,90.0
4206-030-009,3838 MAIN ST,MU-DT,Mixed Use Downtown,2506,25.0,100.8
4236-024-004,13015 W WASHINGTON BLVD,MU-1,Mixed Use 1,2497,25.0,100.0
4213-022-007,4051 SEPULVEDA BLVD,MU-2,Mixed Use 2,2150,25.0,102.0
4312-027-024,,MU-1,Mixed Use 1,2250,25.0,90.0
4213-008-002,,MU-1,Mixed Use 1,2242,25.5,104.0
4208-002-014,10119 WASHINGTON BLVD,MU-MD,Mixed Use Medium,2501,25.0,101.3
4215-015-014,4335 SEPULVEDA BLVD,MU-1,Mixed Use 1,1999,25.0,80.4
4208-018-005,10801 WASHINGTON BLVD,MU-1,Mixed Use 1,3022,29.4,110.5
4209-001-020,,MU-N,Mixed Use Neighborhood,2498,25.0,100.0
4233-030-003,11314 WASHINGTON PL,MU-1,Mixed Use 1,2499,25.2,99.9
4236-023-002,12967 W WASHINGTON BLVD,MU-1,Mixed Use 1,2502,25.1,100.0
4206-030-006,3826 MAIN ST,MU-DT,Mixed Use Downtown,2510,25.1,100.8
4210-019-022,4251 OVERLAND AVE,MU-N,Mixed Use Neighborhood,2251,25.0,90.1
4231-018-034,12408 W WASHINGTON BLVD,MU-1,Mixed Use 1,2501,25.0,100.7
4208-015-005,10724 WASHINGTON BLVD,MU-1,Mixed Use 1,2245,25.0,90.0
4213-023-019,4135 SEPULVEDA BLVD,MU-2,Mixed Use 2,2003,25.0,80.6
4230-023-021,12962 W WASHINGTON BLVD,MU-1,Mixed Use 1,2500,25.0,100.1
4233-006-003,11609 W WASHINGTON BLVD,MU-1,Mixed Use 1,2509,25.0,102.4
4215-015-025,4361 SEPULVEDA BLVD,MU-1,Mixed Use 1,2000,25.0,80.4
4205-018-015,8592 WASHINGTON BLVD,MU-1,Mixed Use 1,2505,25.1,100.0
4134-001-901,,MU-I,Mixed Use Industrial,2493,25.0,100.0
4214-003-043,11316 MATTESON AVE,R1,Single Family,2628,25.0,105.1
4233-003-010,11527 W WASHINGTON BLVD,MU-1,Mixed Use 1,2559,29.3,100.2
5065-014-005,,MU-2,Mixed Use 2,2500,25.0,100.0
5065-003-002,6005 WASHINGTON BLVD,MU-1,Mixed Use 1,2998,30.0,100.0
4232-015-041,,MU-1,Mixed Use 1,2500,25.0,100.0
4208-014-043,,MU-1,Mixed Use 1,2147,25.4,90.1
4203-015-029,,MU-1,Mixed Use 1,2500,25.0,100.0
4213-022-017,4023 SEPULVEDA BLVD,MU-2,Mixed Use 2,2478,25.0,100.0
4231-002-053,4051 S CENTINELA AVE,RMD,Medium Density Multi Family,2497,25.0,100.1
4215-019-020,4439 SEPULVEDA BLVD,MU-1,Mixed Use 1,2254,25.1,90.1
4206-030-008,3834 MAIN ST,MU-DT,Mixed Use Downtown,2516,25.2,100.7
4134-001-014,5730 BANKFIELD AVE,MU-I,Mixed Use Industrial,2495,25.0,100.0
4213-022-010,4043 SEPULVEDA BLVD,MU-2,Mixed Use 2,2500,25.0,100.0
4207-001-033,9531 CULVER BLVD,MU-DT,Mixed Use Downtown,2529,25.0,111.9
4216-026-007,6318 W SLAUSON AVE,MU-I,Mixed Use Industrial,2501,25.0,100.3
4230-023-013,12910 W WASHINGTON BLVD,MU-1,Mixed Use 1,2496,25.0,99.9
4215-015-013,4333 SEPULVEDA BLVD,MU-1,Mixed Use 1,1999,25.0,80.4
4207-001-904,9527 CULVER BLVD,MU-DT,Mixed Use Downtown,2523,24.9,111.9
4215-015-010,4327 SEPULVEDA BLVD,MU-1,Mixed Use 1,1999,25.0,80.4
4215-012-010,4360 SEPULVEDA BLVD,MU-1,Mixed Use 1,2499,25.0,100.4
4203-015-027,5426 SEPULVEDA BLVD,MU-1,Mixed Use 1,2500,25.0,100.0
4206-033-037,3737 ROBERTSON BLVD,MU-HD,Mixed Use High,2550,25.0,102.0
4213-020-003,3909 SEPULVEDA BLVD,MU-2,Mixed Use 2,2546,25.1,101.9
4233-031-015,11272 WASHINGTON PL,MU-1,Mixed Use 1,2496,25.0,100.0
4215-015-042,,MU-1,Mixed Use 1,2344,26.1,90.5
4232-015-043,12112 W WASHINGTON BLVD,MU-1,Mixed Use 1,2499,25.0,100.0
4209-024-010,4240 OVERLAND AVE,MU-N,Mixed Use Neighborhood,2497,25.0,100.0
4217-008-014,,MU-1,Mixed Use 1,3036,29.9,118.9
4205-018-016,8590 WASHINGTON BLVD,MU-1,Mixed Use 1,2497,25.0,100.0
4235-019-001,12303 WASHINGTON PL,RMD,Medium Density Multi Family,2125,25.2,90.2
4230-017-005,13016 W WASHINGTON BLVD,MU-1,Mixed Use 1,2537,24.2,111.4
4233-029-014,4110 BLEDSOE AVE,R1,Single Family,2551,25.0,102.3
4215-012-007,4354 SEPULVEDA BLVD,MU-1,Mixed Use 1,2499,25.0,100.4
4213-024-008,,MU-2,Mixed Use 2,2343,26.0,90.5
4210-002-029,5037 OVERLAND AVE,MU-N,Mixed Use Neighborhood,2562,25.0,103.1
4213-008-001,,MU-1,Mixed Use 1,2247,25.5,104.0
5065-016-003,5853 WASHINGTON BLVD,MU-1,Mixed Use 1,2500,25.0,100.0
4230-023-016,,MU-1,Mixed Use 1,2492,25.0,99.7
4236-021-003,12835 W WASHINGTON BLVD,MU-1,Mixed Use 1,2501,25.0,100.0
4213-023-024,,MU-2,Mixed Use 2,1948,25.0,80.1
4205-013-012,6142 WASHINGTON BLVD,MU-1,Mixed Use 1,2249,25.0,90.0
4210-024-011,4398 ELENDA ST,R1,Single Family,2286,25.9,91.7
4213-020-002,,MU-2,Mixed Use 2,2550,25.0,101.9
4230-023-012,12908 W WASHINGTON BLVD,MU-1,Mixed Use 1,2496,25.0,99.9
4206-033-935,,MU-HD,Mixed Use High,2568,28.9,101.8
4206-033-011,3818 WILLAT AVE,MU-HD,Mixed Use High,2129,25.1,85.6
4213-020-007,3923 SEPULVEDA BLVD,MU-2,Mixed Use 2,2550,25.0,101.8
5065-014-004,,MU-2,Mixed Use 2,2503,25.1,100.0
4208-015-003,10720 WASHINGTON BLVD,MU-1,Mixed Use 1,2251,25.1,90.0
5065-003-010,6031 WASHINGTON BLVD,MU-1,Mixed Use 1,2997,30.0,100.0
4231-018-035,12406 W WASHINGTON BLVD,MU-1,Mixed Use 1,2499,25.0,100.7
4208-015-004,10722 WASHINGTON BLVD,MU-1,Mixed Use 1,2248,25.1,90.0
4214-004-003,11310 VENICE BLVD,MU-2,Mixed Use 2,2510,25.1,100.4
4215-015-041,11220 CULVER BLVD,MU-1,Mixed Use 1,2338,26.0,90.5
4213-016-011,,MU-2,Mixed Use 2,2632,25.0,108.7
4312-020-014,,MU-1,Mixed Use 1,2249,25.0,90.1
4233-032-013,11287 WASHINGTON BLVD,MU-1,Mixed Use 1,2501,25.0,100.0
5065-016-002,5851 WASHINGTON BLVD,MU-1,Mixed Use 1,2504,25.1,100.1
4213-011-004,,MU-1,Mixed Use 1,2752,25.0,110.1
4236-020-004,,MU-1,Mixed Use 1,2502,25.0,100.1
4207-001-029,9517 CULVER BLVD,MU-DT,Mixed Use Downtown,2533,25.0,112.2
4208-015-013,10764 WASHINGTON BLVD,MU-1,Mixed Use 1,2254,25.0,90.0
4205-014-013,8526 WASHINGTON BLVD,MU-1,Mixed Use 1,2249,25.0,90.1
4312-027-013,8674 WASHINGTON BLVD,MU-1,Mixed Use 1,2499,25.0,100.0
5065-015-007,,MU-2,Mixed Use 2,2500,25.0,100.0
4232-015-002,12124 W WASHINGTON BLVD,MU-1,Mixed Use 1,2499,25.0,100.0
4217-008-017,,MU-1,Mixed Use 1,2704,25.0,118.6
4213-024-017,4219 SEPULVEDA BLVD,MU-2,Mixed Use 2,2004,25.0,80.7
4210-002-035,5027 OVERLAND AVE,MU-N,Mixed Use Neighborhood,2743,25.0,110.4
4213-019-011,,MU-2,Mixed Use 2,2376,25.0,95.5
4206-030-010,3840 MAIN ST,MU-DT,Mixed Use Downtown,2516,25.2,100.7
4233-030-017,,RLD,Low Density Multi Family,2374,25.0,110.0
4230-009-003,13216 WASHINGTON BLVD,MU-1,Mixed Use 1,2485,24.2,109.4
4231-003-001,12467 W WASHINGTON BLVD,MU-1,Mixed Use 1,2570,25.7,114.8
4213-016-012,,MU-2,Mixed Use 2,2467,25.0,102.0
4203-015-030,5442 SEPULVEDA BLVD,MU-1,Mixed Use 1,2502,25.0,100.0
4213-020-005,,MU-2,Mixed Use 2,2543,25.0,101.9
4236-020-005,,MU-1,Mixed Use 1,2500,25.0,100.1
4233-029-024,11359 W WASHINGTON BLVD,MU-1,Mixed Use 1,2499,25.0,100.0
5065-016-005,5861 WASHINGTON BLVD,MU-1,Mixed Use 1,2500,25.0,100.0
4210-002-034,5025 OVERLAND AVE,MU-N,Mixed Use Neighborhood,2776,25.0,111.8
4213-024-016,4221 SEPULVEDA BLVD,MU-2,Mixed Use 2,2004,25.0,80.7
4233-002-005,11463 W WASHINGTON BLVD,MU-1,Mixed Use 1,2500,25.0,100.0
4213-020-008,3925 SEPULVEDA BLVD,MU-2,Mixed Use 2,2544,25.0,101.8
4210-002-030,5035 OVERLAND AVE,MU-N,Mixed Use Neighborhood,2595,25.0,104.6
4203-021-030,11379 PLAYA ST,MU-1,Mixed Use 1,2494,25.0,100.0
4215-014-003,11116 CULVER BLVD,RLD,Low Density Multi Family,2252,25.1,90.0
4213-016-005,,MU-2,Mixed Use 2,2418,25.0,100.6
4236-020-002,,MU-1,Mixed Use 1,2503,25.1,100.0
4236-026-002,13221 W WASHINGTON BLVD,MU-1,Mixed Use 1,2503,25.0,100.1
4134-001-013,5728 BANKFIELD AVE,MU-I,Mixed Use Industrial,2502,25.1,100.0
4236-021-004,12833 W WASHINGTON BLVD,MU-1,Mixed Use 1,2503,25.1,100.0
4215-015-043,,MU-1,Mixed Use 1,2343,26.0,90.5
4134-001-012,5726 BANKFIELD AVE,MU-I,Mixed Use Industrial,2501,25.1,100.0
4230-023-001,12802 W WASHINGTON BLVD,MU-1,Mixed Use 1,2732,27.3,100.0
5065-016-004,,MU-1,Mixed Use 1,2500,25.0,100.0
4230-016-005,13110 W WASHINGTON BLVD,MU-1,Mixed Use 1,2537,24.2,111.4
4134-001-902,5722 BANKFIELD AVE,MU-I,Mixed Use Industrial,2496,25.0,100.0
4213-016-013,,MU-2,Mixed Use 2,2295,25.0,95.3
4213-024-015,4225 SEPULVEDA BLVD,MU-2,Mixed Use 2,2005,25.0,80.7
4233-030-014,4081 SAWTELLE BLVD,RLD,Low Density Multi Family,2748,25.1,110.0
4213-019-012,,MU-2,Mixed Use 2,2376,25.0,95.5
4230-016-006,13106 W WASHINGTON BLVD,MU-1,Mixed Use 1,2538,24.2,111.4
4230-016-003,,MU-1,Mixed Use 1,2538,24.2,111.4
4214-003-021,11315 WASHINGTON PL,MU-1,Mixed Use 1,2523,25.0,101.9
4213-021-017,3969 SEPULVEDA BLVD,MU-2,Mixed Use 2,2533,25.0,101.3
5065-015-015,2535 FAIRFAX AVE,MU-2,Mixed Use 2,2500,25.0,100.0
5065-003-036,6029 WASHINGTON BLVD,MU-1,Mixed Use 1,2990,30.0,100.0
4232-015-039,,MU-1,Mixed Use 1,2499,25.0,100.0
4216-026-030,6338 W SLAUSON AVE,MU-I,Mixed Use Industrial,2550,26.0,100.1
4208-014-006,10824 WASHINGTON BLVD,MU-1,Mixed Use 1,2255,25.1,90.0
4214-004-002,11306 VENICE BLVD,MU-2,Mixed Use 2,1967,24.1,100.4
4213-011-005,11124 WASHINGTON BLVD,MU-1,Mixed Use 1,2752,25.0,110.0
4233-026-015,,MU-1,Mixed Use 1,2499,25.0,100.1
4217-011-005,11262 WASHINGTON BLVD,MU-1,Mixed Use 1,2555,25.1,106.9
4236-028-010,13339 W WASHINGTON BLVD,MU-1,Mixed Use 1,2456,25.1,100.1
4208-014-003,10812 WASHINGTON BLVD,MU-1,Mixed Use 1,2245,25.0,90.0
4215-015-012,,MU-1,Mixed Use 1,1999,25.0,80.4
4236-024-006,13011 W WASHINGTON BLVD,MU-1,Mixed Use 1,2498,25.0,100.0
4236-028-009,13345 W WASHINGTON BLVD,MU-1,Mixed Use 1,2498,25.0,100.0
4236-021-005,12831 W WASHINGTON BLVD,MU-1,Mixed Use 1,2498,25.0,100.0
4220-003-901,,OS,Open Space,1359,27.8,86.4
4231-020-033,12470 W WASHINGTON BLVD,MU-1,Mixed Use 1,2500,25.0,100.7
4213-024-023,4205 SEPULVEDA BLVD,MU-2,Mixed Use 2,2002,25.0,80.6
5065-003-007,6023 WASHINGTON BLVD,MU-1,Mixed Use 1,2998,30.0,100.0
4206-033-031,3751 ROBERTSON BLVD,MU-HD,Mixed Use High,2547,25.0,101.9
4210-002-032,5031 OVERLAND AVE,MU-N,Mixed Use Neighborhood,2667,25.0,107.5
4231-020-035,12466 W WASHINGTON BLVD,MU-1,Mixed Use 1,2500,25.0,100.7
4213-020-006,,MU-2,Mixed Use 2,2544,25.0,101.9
4215-018-013,11231 BRADDOCK DR,R1,Single Family,2559,25.0,103.5
4205-014-015,8522 WASHINGTON BLVD,MU-1,Mixed Use 1,2301,25.8,89.8
5065-003-003,6009 WASHINGTON BLVD,MU-1,Mixed Use 1,2996,30.0,100.0
4230-023-015,,MU-1,Mixed Use 1,2495,25.0,99.8
4214-005-016,3823 ALBRIGHT AVE,R1,Single Family,2879,25.0,115.1
4236-021-002,12837 W WASHINGTON BLVD,MU-1,Mixed Use 1,2492,24.9,100.0
4231-020-034,12468 W WASHINGTON BLVD,MU-1,Mixed Use 1,2500,25.0,100.7
4210-002-033,5029 OVERLAND AVE,MU-N,Mixed Use Neighborhood,2704,25.0,108.9
4236-020-003,,MU-1,Mixed Use 1,2496,25.0,100.0
4213-021-018,3967 SEPULVEDA BLVD,MU-2,Mixed Use 2,2527,25.0,101.3
4207-006-002,9806 WASHINGTON BLVD,MU-DT,Mixed Use Downtown,2427,24.9,102.0
4209-024-006,4208 OVERLAND AVE,MU-N,Mixed Use Neighborhood,2503,25.1,100.0
4235-019-006,,RMD,Medium Density Multi Family,2013,25.0,90.1
4205-017-013,8558 WASHINGTON BLVD,MU-1,Mixed Use 1,2246,25.0,90.1
4236-022-004,,MU-1,Mixed Use 1,2501,25.0,100.0
4206-033-056,3816 WILLAT AVE,MU-HD,Mixed Use High,2238,26.7,92.5
4213-021-016,3973 SEPULVEDA BLVD,MU-2,Mixed Use 2,2524,25.0,101.2
4233-030-013,4083 SAWTELLE BLVD,RLD,Low Density Multi Family,2731,24.9,110.0
4236-022-005,,MU-1,Mixed Use 1,2493,24.9,100.0
4213-024-009,,MU-2,Mixed Use 2,2344,26.1,90.5
4231-004-024,12827 SHORT AVE,R2,Two Family,2506,25.0,100.2
4233-002-006,11467 W WASHINGTON BLVD,MU-1,Mixed Use 1,2499,25.0,100.0
4208-020-018,,MU-1,Mixed Use 1,2306,25.1,95.0
4233-029-025,,MU-1,Mixed Use 1,2500,25.0,100.1
4205-018-002,8582 WASHINGTON BLVD,MU-1,Mixed Use 1,2246,25.0,90.1
4213-022-005,11209 WASHINGTON BLVD,MU-2,Mixed Use 2,2201,29.9,100.0
4205-014-014,8524 WASHINGTON BLVD,MU-1,Mixed Use 1,2187,24.4,90.0
4208-014-010,10834 WASHINGTON BLVD,MU-1,Mixed Use 1,2251,25.1,90.0
4312-027-025,,MU-1,Mixed Use 1,2248,25.0,90.0
4205-017-017,8542 WASHINGTON BLVD,MU-1,Mixed Use 1,2253,25.1,90.0
4205-017-014,8554 WASHINGTON BLVD,MU-1,Mixed Use 1,2253,25.1,90.0
4213-024-018,4217 SEPULVEDA BLVD,MU-2,Mixed Use 2,2009,25.1,80.6
4210-002-028,5041 OVERLAND AVE,MU-N,Mixed Use Neighborhood,2489,25.0,101.7
4215-015-011,4329 SEPULVEDA BLVD,MU-1,Mixed Use 1,1999,25.0,80.4
4213-022-016,4025 SEPULVEDA BLVD,MU-2,Mixed Use 2,2501,25.1,100.0
4203-015-025,5408 SEPULVEDA BLVD,MU-1,Mixed Use 1,2496,25.0,100.1
4236-024-005,13013 W WASHINGTON BLVD,MU-1,Mixed Use 1,2503,25.1,100.0
4213-022-009,4045 SEPULVEDA BLVD,MU-2,Mixed Use 2,2501,25.0,100.0
4236-025-002,13123 W WASHINGTON BLVD,MU-1,Mixed Use 1,2497,25.0,100.0
4206-030-007,3830 MAIN ST,MU-DT,Mixed Use Downtown,2516,25.2,100.7
4233-026-014,11413 W WASHINGTON BLVD,MU-1,Mixed Use 1,2500,25.0,100.0
5065-003-006,6021 WASHINGTON BLVD,MU-1,Mixed Use 1,2997,30.0,100.0
4213-016-004,11140 WASHINGTON PL,MU-2,Mixed Use 2,2238,25.1,93.1
4203-021-013,5586 SEPULVEDA BLVD,MU-1,Mixed Use 1,2496,25.0,100.0
4210-024-041,4398 ELENDA ST,R1,Single Family,1897,25.1,90.0
4206-030-005,3820 MAIN ST,MU-DT,Mixed Use Downtown,2511,25.2,100.6
4215-011-003,4410 SEPULVEDA BLVD,MU-1,Mixed Use 1,2249,25.0,90.0
4208-014-020,,MU-1,Mixed Use 1,2272,25.4,90.1
4207-001-031,9523 CULVER BLVD,MU-DT,Mixed Use Downtown,2532,25.0,112.0
5065-015-005,5837 ADAMS BLVD,MU-2,Mixed Use 2,2500,25.0,100.0
4209-027-905,,MU-2,Mixed Use 2,1246,25.6,97.1
4206-033-032,3749 ROBERTSON BLVD,MU-HD,Mixed Use High,2547,25.0,101.9
4207-001-034,9537 CULVER BLVD,MU-DT,Mixed Use Downtown,2525,25.0,111.8
4213-016-010,,MU-2,Mixed Use 2,2797,25.0,115.3
4210-002-031,5033 OVERLAND AVE,MU-N,Mixed Use Neighborhood,2632,25.0,106.1
4230-023-014,12920 W WASHINGTON BLVD,MU-1,Mixed Use 1,2494,25.0,99.8
4215-015-026,4363 SEPULVEDA BLVD,MU-1,Mixed Use 1,2006,25.1,80.4
4206-015-036,8970 WASHINGTON BLVD,MU-MD,Mixed Use Medium,2502,25.0,100.1
4215-014-021,11160 CULVER BLVD,MU-N,Mixed Use Neighborhood,2337,26.7,90.0
4214-002-040,11281 WASHINGTON PL,MU-1,Mixed Use 1,2455,24.9,100.1
4233-030-003,11314 WASHINGTON PL,MU-1,Mixed Use 1,2492,25.1,99.9
4235-019-022,12329 WASHINGTON PL,MU-MD,Mixed Use Medium,1794,26.0,91.6
4205-004-033,5905 SMILEY DR,MU-2,Mixed Use 2,1305,29.4,88.9
